# unit	vram	text_size	status
path_goal_check	0x8007E2D4	0x378	matched
path_collision_probe	0x8007E9D0	0x398	matched
path_waypoint_side	0x8007F128	0x474	matched
path_route_score	0x80080110	0x708	matched
path_target_reachable	0x80082870	0x214	matched
ai_movement_start	0x8008355C	0x2B0	matched
ai_movement_plan	0x8008380C	0x274	matched
ai_target_in_range	0x80083FF8	0x1DC	matched
ai_leader_distance_check	0x800848E8	0x368	matched
ai_goal_state_update	0x800859E4	0x24C	matched
ai_waypoint_move	0x80087570	0x228	matched
ai_target_tracking	0x80088030	0x62C	matched
ai_weapon_range_check	0x8008916C	0x4A0	matched
80094880	0x80094880	0x6C0	matched
80094FBC	0x80094FBC	0xB94	matched
80095C50	0x80095C50	0x22C	matched
80096294	0x80096294	0x378	matched
800966D4	0x800966D4	0x11C	matched
80098CC8	0x80098CC8	0x25C	matched
800991CC	0x800991CC	0x114	matched
func_80099464	0x80099464	0x260	matched
800998E8	0x800998E8	0x68C	matched
8009A6F8	0x8009A6F8	0x5E4	matched
8009B434	0x8009B434	0x1F8	matched
8009E250	0x8009E250	0x6F8	matched
800B04E0	0x800B04E0	0x114	matched
800B5DA8	0x800B5DA8	0x188	matched
80096810	0x80096810	0x244	matched
800973E0	0x800973E0	0x128	matched
80097560	0x80097560	0x100	matched
80097DF8	0x80097DF8	0xEC	matched
800985A0	0x800985A0	0x348	matched
80099FE8	0x80099FE8	0x4E0	matched
player_order_shuffle	0x8009A4C8	0x188	matched
8009AE38	0x8009AE38	0x2B8	matched
8009C098	0x8009C098	0x1EC	matched
8009D270	0x8009D270	0x23C	matched
800A1BE0	0x800A1BE0	0x574	matched
task_message_broadcast	0x800A2154	0x178	matched
800A2FBC	0x800A2FBC	0x5A4	matched
800A3758	0x800A3758	0x940	matched
effect_sprite_key_draw	0x800A40CC	0x1FC	matched
800A477C	0x800A477C	0x10DC	matched
800A5BD8	0x800A5BD8	0x508	matched
800A61A0	0x800A61A0	0x180	matched
player_perspective_update	0x800A7664	0x130	matched
800A6588	0x800A6588	0x534	matched
800A7794	0x800A7794	0x14	matched
800A8690	0x800A8690	0x12C	matched
800A89B0	0x800A89B0	0xC8	matched
800A9080	0x800A9080	0x5E0	matched
800A9F10	0x800A9F10	0x148	matched
800AAAE0	0x800AAAE0	0x134	matched
800AB4DC	0x800AB4DC	0xB0	matched
800AC0F4	0x800AC0F4	0xA4	matched
800AD14C	0x800AD14C	0x55C	matched
800AE710	0x800AE710	0x1DC	matched
800AF364	0x800AF364	0xD8	matched
800B06E0	0x800B06E0	0x690	matched
800B109C	0x800B109C	0x200	matched
800B14A8	0x800B14A8	0x168	matched
800B1668	0x800B1668	0x230	matched
800B1DA8	0x800B1DA8	0x550	matched
800B2364	0x800B2364	0x124	matched
800B2890	0x800B2890	0x788	matched
800B3368	0x800B3368	0x94	matched
800B3504	0x800B3504	0x244	matched
800B5A10	0x800B5A10	0x17C	matched
mover_collision_response	0x800B5F70	0x248	matched
800B61B8	0x800B61B8	0x528	matched
800B87A0	0x800B87A0	0xD0	matched
grid_node_height	0x800B8870	0x6C	matched
grid_height_query	0x800B93A4	0x224	matched
model_player_color	0x800B9AB0	0xDC	matched
ai_active_target_update	0x80083464	0xF8	matched
800B9FD4	0x800B9FD4	0x1E8	matched
800BBDC0	0x800BBDC0	0x1AC0	matched
800BD93C	0x800BD93C	0xF4	matched
800BDAF8	0x800BDAF8	0x1314	matched
800BEE0C	0x800BEE0C	0x1F4	matched
world_resource_aggregate	0x800BA330	0x390	matched
world_loader	0x800BA6C0	0xBE0	matched
world_bundle_resource_aggregate	0x800BB2A0	0x29C	matched
common_model_loader	0x800BB53C	0x880	matched
func_800A9EC0	0x800A9EC0	0x50	matched
func_800BF130	0x800BF130	0x74	matched
func_800BFDA4	0x800BFDA4	0xA8	matched
func_8009D168	0x8009D168	0x100	matched
func_8009D6F8	0x8009D6F8	0x34	matched
func_80086160	0x80086160	0x0C	matched
func_8008616C	0x8008616C	0x24	matched
func_80086BB0	0x80086BB0	0x08	matched
func_80086BB8	0x80086BB8	0x34	matched
func_80089154	0x80089154	0x18	matched
func_80089D98	0x80089D98	0x24	matched
func_80089E20	0x80089E20	0x08	matched
func_80097B20	0x80097B20	0x24	matched
func_80097B44	0x80097B44	0x24	matched
func_80097B68	0x80097B68	0x3C	matched
func_80097BA4	0x80097BA4	0x20	matched
func_80098AFC	0x80098AFC	0x30	matched
func_80098B2C	0x80098B2C	0x14	matched
func_80099758	0x80099758	0x2C	matched
func_80099830	0x80099830	0x24	matched
func_800998A8	0x800998A8	0x40	matched
func_80099080	0x80099080	0xE0	matched
func_800992E0	0x800992E0	0xD0	matched
func_800993B0	0x800993B0	0xB4	matched
func_800A16F8	0x800A16F8	0xA4	matched
func_8009EE08	0x8009EE08	0x98	matched
func_80085E4C	0x80085E4C	0x64	matched
func_800A9C24	0x800A9C24	0xA8	matched
func_80085EB0	0x80085EB0	0xCC	matched
func_80097A6C	0x80097A6C	0xB4	matched
func_80095B50	0x80095B50	0x18	matched
func_800967F0	0x800967F0	0x20	matched
func_80097508	0x80097508	0x28	matched
func_80097530	0x80097530	0x2C	matched
func_80097CB8	0x80097CB8	0x10	matched
func_800C11B8	0x800C11B8	0x84	matched
func_800C123C	0x800C123C	0x78	matched
