# function	vram	size	status
func_80085C30	0x80085C30	0x94	selected
func_80085CC4	0x80085CC4	0x94	selected
func_8009790C	0x8009790C	0x94	selected
func_8008C5BC	0x8008C5BC	0x1C	selected
func_800996C4	0x800996C4	0x94	selected
func_80082834	0x80082834	0x3C	selected
func_80087EF0	0x80087EF0	0x3C	selected
func_8007DA8C	0x8007DA8C	0x40	selected
func_80090218	0x80090218	0x44	selected
func_80097794	0x80097794	0x48	selected
func_80097660	0x80097660	0x4C	selected
func_800841D4	0x800841D4	0x50	selected
func_80085D58	0x80085D58	0x50	selected
func_800866B0	0x800866B0	0x50	selected
func_800B03F4	0x800B03F4	0x50	selected
func_8007AD40	0x8007AD40	0x54	selected
func_800979A0	0x800979A0	0x54	selected
func_800B99F8	0x800B99F8	0x54	selected
func_8007A75C	0x8007A75C	0x58	selected
func_8007E210	0x8007E210	0x58	selected
func_80083F74	0x80083F74	0x58	selected
func_8008A3A0	0x8008A3A0	0x58	selected
func_8007DB84	0x8007DB84	0x5C	selected
func_8007B190	0x8007B190	0x60	selected
func_80080AF4	0x80080AF4	0x64	selected
func_80080B58	0x80080B58	0x64	selected
func_8009025C	0x8009025C	0x64	selected
func_8009D168	0x8009D168	0x64	selected
func_800A702C	0x800A702C	0x64	selected
func_8007D69C	0x8007D69C	0x68	selected
func_800977DC	0x800977DC	0x68	selected
func_80097C1C	0x80097C1C	0x68	selected
func_80098534	0x80098534	0x68	selected
func_8009B62C	0x8009B62C	0x68	selected
func_8007D628	0x8007D628	0x6C	selected
func_8007E268	0x8007E268	0x6C	selected
func_800808B4	0x800808B4	0x6C	selected
func_80082004	0x80082004	0x6C	selected
func_80082B68	0x80082B68	0x6C	selected
func_800890E8	0x800890E8	0x6C	selected
func_80095BE4	0x80095BE4	0x6C	selected
func_80098FBC	0x80098FBC	0x6C	selected
func_80099160	0x80099160	0x6C	selected
func_8009B35C	0x8009B35C	0x6C	selected
func_8009B3C8	0x8009B3C8	0x6C	selected
func_8009ED9C	0x8009ED9C	0x6C	selected
func_800ACEB4	0x800ACEB4	0x48	selected
func_800B0268	0x800B0268	0x6C	selected
func_800C21AC	0x800C21AC	0x6C	selected
func_800C2218	0x800C2218	0x6C	selected
func_80086C7C	0x80086C7C	0x70	selected
func_800981E0	0x800981E0	0x70	selected
func_8009F444	0x8009F444	0x70	selected
func_800A98B8	0x800A98B8	0x70	selected
func_800C0A6C	0x800C0A6C	0x70	selected
func_80089610	0x80089610	0x74	selected
func_8008EC40	0x8008EC40	0x74	selected
func_80099F74	0x80099F74	0x74	selected
func_8009D8A0	0x8009D8A0	0x74	selected
func_800BF798	0x800BF798	0x74	selected
func_80077FD0	0x80077FD0	0x78	selected
func_8007D5B0	0x8007D5B0	0x78	selected
func_80086190	0x80086190	0x78	selected
func_800C123C	0x800C123C	0x78	selected
func_80082F1C	0x80082F1C	0x7C	selected
func_8008486C	0x8008486C	0x7C	selected
func_800867C4	0x800867C4	0x7C	selected
func_80094744	0x80094744	0x80	selected
func_8009E948	0x8009E948	0x80	selected
func_800A977C	0x800A977C	0x80	selected
func_8007DFA0	0x8007DFA0	0x84	selected
func_8008AD80	0x8008AD80	0x84	selected
func_800A9B64	0x800A9B64	0x84	selected
func_800A9CCC	0x800A9CCC	0x84	selected
func_800C11B8	0x800C11B8	0x84	selected
func_8008543C	0x8008543C	0x88	selected
func_800879F8	0x800879F8	0x88	selected
func_8009EF4C	0x8009EF4C	0x88	selected
func_8007E170	0x8007E170	0x8C	selected
func_80083028	0x80083028	0x8C	selected
func_80087798	0x80087798	0x8C	selected
func_8008F7E8	0x8008F7E8	0x8C	selected
func_80095E7C	0x80095E7C	0x8C	selected
func_800B5D1C	0x800B5D1C	0x8C	selected
func_800830F8	0x800830F8	0x90	selected
func_80086BEC	0x80086BEC	0x90	selected
func_8009EFD4	0x8009EFD4	0x90	selected
func_800A2E5C	0x800A2E5C	0x90	selected
func_800B02D4	0x800B02D4	0x90	selected
func_800B0364	0x800B0364	0x90	selected
func_800B9E24	0x800B9E24	0x90	selected
func_800B9EB4	0x800B9EB4	0x90	selected
