# unit	rodata_vram	rodata_size
# See tools/place_unit_rodata.py. Listed C units own [vram, vram+size) of
# main-segment rodata; make verify-code proves the C bytes equal the ROM.
800902C0	0x80071DCC	0x8
func_800904C8	0x80071DD4	0x24
func_8009060C	0x80071DF8	0x5C
func_800909CC	0x80071E54	0x4
func_8009299C	0x80071FD8	0x4
func_800F1278	0x80076EC0	0xD0
func_800AD6A8	0x80072EB8	0xC
func_800AD9A8	0x80072EC4	0x10
func_800ADCA0	0x80072ED4	0x10
func_800AE4D0	0x80072EF4	0x10
func_8007B8EC	0x80071080	0x8
func_8007D5B0	0x800710B0	0x8
object_embedded_state_refresh	0x80071228	0x10
func_80082004	0x8007121C	0xC
path_sequence_init	0x80071280	0x20
func_80085C30	0x80071380	0x4
func_80085CC4	0x80071384	0x4
func_80086190	0x800713A0	0x4C
func_80086700	0x800714F0	0x18
func_800867C4	0x80071508	0x38
func_80087798	0x800715F8	0x4
func_800879F8	0x80071608	0x4
func_80087F2C	0x80071664	0x4
func_80088000	0x80071670	0x4
func_80088720	0x8007169C	0x4
func_80088ABC	0x800716A4	0x4
func_80088B18	0x800716A8	0x4
runtime_fields_init	0x800716AC	0x4
func_80088C70	0x800716B0	0x4
func_80088FD4	0x800716F0	0x4
func_80089008	0x800716F4	0x4
func_80089040	0x800716F8	0x4
func_80089094	0x800716FC	0x4
func_8008E620	0x80071AF4	0x4
func_8008F78C	0x80071DA4	0x8
func_8009660C	0x8007229C	0x4
func_80097EE4	0x80072430	0x18
func_80098454	0x80072470	0x10
func_80099F74	0x80072480	0x4
angle_table_lookup	0x80072598	0x18
camera_collision_resolve	0x80072B34	0x28
spotter_update	0x80072B88	0x8
grid_height_query	0x80073184	0x8
path_waypoint_side_select	0x80071150	0x4C
tank_aim_refresh	0x80071238	0x2C
unit_command_candidate	0x80071598	0x24
turret_ai_update	0x80075C78	0x1C
wave_vertex_update	0x80076B68	0x28
wave_mesh_copy	0x80076F98	0x8
effect_mesh_draw	0x800774BC	0x18
80094880	0x80072158	0xD0
80094FBC	0x80072228	0x40
80095C50	0x80072268	0x18
80096294	0x80072280	0x1C
8009A6F8	0x80072490	0x38
80096810	0x800722A0	0x188
80099FE8	0x80072484	0x8
8009AE38	0x800724C8	0x8
8009C098	0x8007250C	0x8
800A2FBC	0x800729C0	0x18
800A3758	0x800729D8	0x28
effect_sprite_key_draw	0x80072A00	0x8
effect_sprite_ring_draw	0x80072A08	0x8
player_perspective_update	0x80072CC8	0x18
800A477C	0x80072A20	0x80
800A5BD8	0x80072AF0	0x40
800A61A0	0x80072B30	0x4
800A6588	0x80072B5C	0x2C
800A89B0	0x80072D00	0x24
800AAAE0	0x80072DC0	0x4
800AD14C	0x80072E90	0x28
800B06E0	0x80072F90	0xE4
800B4684_collision_query	0x80073090	0x10
800B5A10	0x800730D0	0xC
800B61B8	0x800730DC	0x14
800BBDC0	0x80073190	0x70
800BDAF8	0x80073200	0x88
early_memory_dispatch	0x80071040	0x28
path_goal_check	0x800710E0	0x24
path_collision_probe	0x80071104	0x1C
nearest_live_entity	0x800712A0	0x8
path_waypoint_side	0x80071124	0x28
path_route_score	0x800711A4	0x10
path_target_reachable	0x80071264	0x1C
ai_movement_start	0x800712A8	0x14
ai_movement_plan	0x800712BC	0x10
ai_target_in_range	0x800712D0	0x1C
ai_leader_distance_check	0x80071320	0x24
ai_target_bit_select	0x80071344	0xC
ai_goal_state_update	0x80071368	0x18
ai_waypoint_move	0x800715E8	0x10
ai_target_tracking	0x80071674	0x28
ai_weapon_range_check	0x80071700	0x198
motion_scale_curve	0x80076AD0	0x18
slot_asset_ranges	0x80075F60	0x70
rotated_texture_coords	0x80076E40	0xC
func_800A1290	0x80072680	0x14
func_8007D7C4	0x800710C0	0x18
ai_target_state_update	0x800712CC	0x4
zone_spawn_query	0x80071364	0x4
ai_behavior_state_update	0x80071388	0x14
ai_state_dispatch	0x800713F0	0xFC
unit_target_select	0x80071540	0x58
unit_command_state	0x800715C0	0x20
ai_weapon_fire_update	0x800715E0	0x8
vehicle_steering_update	0x8007160C	0xC
ai_movement_dispatch	0x80071618	0x48
target_angle_check	0x80071660	0x4
ai_target_refresh	0x800716B8	0x38
tank_mode_transition	0x800718C0	0x2C
tank_damage_motion	0x80071908	0x6C
weapon_inventory	0x80071AF8	0x2AC
spawn_point_retry	0x80071DB0	0x18
func_80090218	0x80071DC8	0x4
func_8009D168	0x80072558	0x38
func_8009D4B0	0x80072590	0x4
func_8009D510	0x80072594	0x4
func_8009D8A0	0x800725B0	0xC
func_8009D960	0x800725C0	0x1C
func_8009EA70	0x8007260C	0x20
func_8009EC0C	0x8007262C	0x8
matrix_basic	0x80072640	0x4
func_8009EF4C	0x80072644	0x4
func_8009EFD4	0x80072648	0x4
func_8009F334	0x8007264C	0x4
func_8009F5AC	0x80072650	0x4
func_8009F8A0	0x80072654	0xC
random_dispatch_tables	0x800726A0	0x31C
func_800A9A98	0x80072D64	0x19
func_800ABE6C	0x80072E7C	0x4
nearest_path_test	0x80072E80	0x4
spatial_sound_play	0x80072448	0x1C
func_800B6934	0x800730F0	0x8
func_800BFDA4	0x800732A0	0xC
func_800BFE4C	0x800732AC	0x8
hud_list_layout_data	0x800732C0	0x268
controller_layout_data	0x80073528	0xE0
hud_tree_draw	0x80073288	0x8
hud_frame	0x80073290	0x10
hud_mode_table	0x80073608	0x20
hud_mode_cycle_full	0x80073628	0x40
hud_exit_dispatch	0x80073668	0x14
hud_volume_adjust	0x80073680	0xC
hud_menu_open	0x80073800	0x4
hud_option_select	0x80073808	0x18
hud_list_select_full	0x80073820	0xC0
hud_controls_page	0x800738E0	0x1D0
race_map_draw	0x80073D3C	0x34
hud_player_page	0x80073B48	0x40
race_marker_project	0x80073D80	0x28
race_popup_setup	0x80073F6C	0x4
results_bar_step	0x80074120	0x10
results_time_text	0x800740E0	0x1C
cheat_codes	0x80074140	0x84
hud_slot_icons_update	0x80073B88	0xE0
hud_menu_entries_apply_settings	0x80073AC8	0x60
hud_entry_set_label	0x80073B28	0x20
func_8008C5BC	0x80071974	0x10
8008C5D8_tank_fire_weapon	0x80071988	0x16C
race_player_set_vehicle_label	0x80073DB8	0x30
race_type_name_lookup	0x80073DE8	0x40
race_player_set_layout	0x80073E28	0x40
race_mode_icon_get	0x80073E68	0x40
race_player_set_mode_icon	0x80073EA8	0x3C
race_bar_update	0x80073EEC	0x4
race_slot_set_digit	0x80073F30	0x20
controls_bindings_save	0x80073F70	0x28
controls_bindings_load	0x80073F98	0x9C
spawn_effect_by_type	0x800741D0	0x2C
800D12B0_script_command_decode	0x80074208	0xF8
seq_event_spawn_constants	0x80074764	0x4
seq_event_spawn_tick	0x80074768	0x240
seq_target_search_constants	0x800749A8	0x8
seq_event_start	0x80074C08	0xD8
seq_script_load	0x80074CE0	0x20
seq_script_load_constants	0x80074D00	0x30
seq_level_header_load	0x80074D30	0x68
seq_events_update	0x80074E70	0xD8
800D3C64_seq_point_track	0x800749B0	0xC0
seq_point_track_constants	0x80074A70	0x8
800D9D50_debris_spawn	0x8007532C	0x5C
800DB1B0_projectile_segment_spawn	0x80075418	0x70
800DB6F0_track_angle_unit	0x80075490	0xFC
800DD82C_structure_debris_spawn	0x80075668	0x70
800DE374_structure_message	0x80075740	0xFC
800E16D8_foliage_prop_destroy	0x80075A30	0x8
800E1BB0_turret_sweep	0x80075C40	0x18
800E2F9C_wreck_update	0x80075C6C	0x8
800E4DA0_flag_message_dispatch	0x80075DB0	0xBC
800E6B04_crate_unit	0x80075F28	0x8
800E7768_crate_burst_spawn	0x80075F34	0xC
800E7A10_powerup_flag_messages	0x80075F40	0x1C
slot_condition_check	0x80075890	0xB8
player_message_hit	0x80075A38	0x100
player_dispatch	0x80075B38	0xFC
wreck_message_hit	0x80075CE0	0xBC
slot_mode_name_get	0x80075FD0	0x70
slot_mode_title_get	0x80076040	0x70
slot_mode_subtitle_get	0x800760B0	0x20
slot_mode_description_get	0x800760D0	0x70
slot_mode_value_get	0x80076140	0x6C
model_pickup_create	0x800761F8	0x38
model_mode_objective_message	0x80076230	0x2C
model_message_damage_u8	0x800762E8	0x100
model_turret_dispatch	0x800763E8	0xFC
model_shielded_dispatch	0x80076600	0xFC
model_message_damage_destroy	0x800767C0	0x100
prop_message_shatter	0x80076A08	0xBC
effect_segment_append	0x80076B08	0x1C
effect_segments_draw	0x80076B24	0x40
effect_message_damage	0x80076B90	0x100
effect_message_damage_guarded	0x80076C90	0xFC
hud_marker_update	0x80073AB0	0x14
hud_mode_cycle	0x80073C68	0x20
hud_panel_layout	0x80073C88	0x20
hud_panel_refresh	0x80073CA8	0x20
hud_panel_select	0x80073CC8	0x1C
hud_value_to_byte	0x80073CE4	0x8
race_frame_border_draw	0x80073CF0	0x14
race_start_check	0x80073D08	0x34
race_player_icons_draw	0x80073DA8	0x10
controller_menu_input	0x80074060	0x28
controller_queue_push	0x80074088	0x28
controller_slot_find	0x800740B0	0x2C
results_kills_tick	0x800740FC	0x8
results_deaths_tick	0x80074104	0x8
results_score_tick	0x8007410C	0x4
results_score_finish	0x80074110	0x4
results_bonus_tick	0x80074114	0x4
results_bonus_finish	0x80074118	0x4
results_time_tick	0x8007411C	0x4
results_columns_draw	0x80074130	0x4
spawn_object_command	0x80074300	0x18C
spawn_object_command_constants	0x8007448C	0x4
seq_script_tick	0x800744A0	0xC8
seq_script_tick_constants	0x80074568	0x20
seq_spawn_script_tick	0x80074588	0xF0
seq_event_script_tick	0x80074678	0xEC
seq_spawn_events_update	0x80074A78	0xC8
seq_command_dispatch	0x80074B40	0xC8
script_event_finish	0x80074D98	0xD8
hud_draw_list	0x80074F48	0x4
script_particle_spawn	0x80074F50	0xC
actor_message_handler	0x80075128	0xC8
turret_state_messages	0x800751F0	0x18
turret_spawn_random	0x80075254	0x8
single_spawn_timer_update	0x8007525C	0x8
trigger_particles_spawn	0x80075270	0x38
trigger_particles_update	0x800752A8	0x40
minimap_blips_spawn	0x800752E8	0x24
projectile_bounce	0x800753E0	0x38
projectile_fire	0x8007562C	0x2C
structure_model_draw	0x800756D8	0x68
actor_wreck_spawn_at	0x80075E6C	0x8
sound_emitter_draw	0x80075E74	0x14
bridge_segments_init	0x80075E90	0x18
bridge_piece_spawn	0x80075EC0	0xC
crate_owner_check	0x80075F20	0x8
pending_spawns_flush	0x80075F30	0x4
mission_marker_draw	0x80076288	0x60
particle_emitter_free	0x80076D90	0x4
particle_smoke_update	0x80076E28	0x14
particle_hit_spawn	0x80076E4C	0x1C
particle_system_create	0x80076E70	0x4C
particle_owner_message	0x80076EBC	0x4
anim_keyframes_apply	0x80076F90	0x8
hazard_state_update	0x80076FA0	0x20
hazard_message_handler	0x80077010	0x18
mine_trigger_update	0x80077040	0xC
powerup_timer_update	0x80077060	0x20
barrel_explode	0x800770E0	0x4C
effect_burn_update	0x8007721C	0x10
effect_motion_update	0x80077350	0x30
mesh_rings_draw	0x80077180	0x4C
libmus/800FBF94_player_main	0x80077608	0x8
libmus/800FAE70_fenvelope	0x80077600	0x8
libmus/800FD2A0_remap_ptr_bank	0x80077698	0x8
libmus/800FDD20_player_commands	0x800776A0	0x40
libmus/800FE710_n_syn_custom_fx	0x800776E0	0x10
n_audio/800FFB30_n_drvrnew	0x800776F0	0x30
n_audio/80100050_n_env	0x80077720	0x70
n_audio/80101140_n_resample	0x80077790	0x10
n_audio/80101320_n_reverb	0x800777A0	0x40
n_audio/80102350_n_synthesizer	0x800777E0	0x20
libultra/gu_perspective	0x800778D0	0x10
libultra/cosf	0x800778E0	0x50
libultra/al_drvrnew	0x80077800	0x20
libultra/al_env	0x80077820	0x60
libultra/os_dev_mgr	0x80077940	0x20
libultra/al_resample	0x80077960	0x40
libultra/al_reverb	0x800779A0	0x30
libultra/gu_rotate	0x800779D0	0x10
libultra/sched	0x800779E0	0x20
libultra/setintmask	0x80077A00	0x80
libultra/sinf	0x80077A80	0x50
libultra/al_synthesizer	0x80077AD0	0x10
libultra/xprintf	0x80077AE0	0x100
libultra/xldtob	0x80077BE0	0x60
model_variant_get	0x80077458	0x30
libgcc/floatdisf	0x800774E0	0x18
libgcc/udivmoddi4	0x80077500	0x100
800EB308_object_handlers	0x80076500	0x100
800ED804_message_dispatch	0x800768C0	0xFC
func_800EDDCC	0x800769C0	0x44
800EED90_segment_update	0x80076AE8	0x20
800F2184_hazard_trigger	0x80077004	0xC
800F67F0_sway_model_draw	0x80077280	0x14
func_800F7230	0x800772F0	0x5C
curve_mode	0x80071070	0x10
race_timer_update	0x80073D70	0x10
spawn_nearest_type1	0x800741FC	0x4
spawn_nearest_type28	0x80074200	0x4
spawn_nearest_type31	0x80074204	0x4
audio_listener_update	0x80074490	0x10
800DA1D8_debris_piece_update	0x80075388	0x4
debris_burst_spawn	0x800753D0	0x4
debris_burst_spawn_tinted	0x800753D4	0x4
800DA7D0_debris_group_spawn	0x800753D8	0x4
projectile_model_matrix	0x8007561C	0x4
projectile_life_tick	0x80075620	0x8
projectile_trail_draw	0x80075628	0x4
projectile_launch_delayed_tick	0x80075658	0x8
structure_flicker_roll	0x80075660	0x8
target_search	0x80075C60	0x4
turret_spawn_at	0x80075C64	0x8
wreck_timer_duration	0x80075C74	0x4
flag_capture_attempt	0x80075D9C	0x10
building_destroy	0x800764F0	0xC
object_state_query	0x80077028	0xC
mine_message_handlers	0x80077034	0xC
barrel_handlers	0x800770D0	0x10
falling_crate_update	0x8007712C	0x4
mesh_wave_update	0x800771D0	0x2C
anim_alpha_fade_draw	0x80077380	0x8
spark_spawn	0x80077388	0x10
spark_burst_update	0x80077398	0x10
static_in_radius	0x80077450	0x4
model_in_draw_range	0x80077488	0x4
artillery_emplacement_update	0x80077490	0xC
artillery_target_track	0x800774A0	0x1C
func_800C0C38	0x8007367C	0x4
func_800C11B8	0x80073690	0xB8
func_800C123C	0x80073748	0xB4
hud_transition	0x800737FC	0x4
controller_slots_scan	0x80074034	0x2C
800D5E2C_script_particle_update	0x80074F5C	0x38
effect_draw	0x80074FE4	0x4
gameplay_definition_data	0x80074FF0	0x99
player_menu_update	0x80075090	0x20
player_cursor_anim	0x800750B0	0x8
player_menu_draw	0x800750B8	0x28
actor_model_draw	0x800750E0	0x44
turret_model_draw	0x80075210	0x44
model_bounds_center	0x80075310	0x1C
debris_piece_draw	0x8007538C	0x44
debris_scatter_spawn	0x800753DC	0x4
projectile_model_draw	0x8007558C	0x4C
projectile_model_create	0x800755D8	0x44
unit_spawner_update	0x80075840	0x44
slot_angle_classify	0x80075948	0x8
800E3FDC_entity_model_draw	0x80075C94	0x48
lightning_arc_update	0x80075ECC	0x54
mission_flag_set	0x800761B0	0xB
impact_debris_spray	0x80076700	0x4
splash_damage_falloff	0x80076710	0xC
projectile_shell_draw	0x80076758	0x48
shockwave_ring_spawn	0x800767A0	0x4
shockwave_expand	0x800767A4	0x10
shockwave_ring_draw	0x800767B4	0xC
hazard_model_draw	0x80076FC0	0x44
powerup_pad_create	0x80077050	0xC
powerup_pad_draw	0x80077080	0x48
decal_spawn_draw	0x80077130	0x44
effect_targets_damage	0x80077200	0x1C
effect_beam_draw	0x8007722C	0x48
effect_billboard_draw	0x800772A0	0x44
flicker_prop_draw	0x800773B0	0x44
static_prop_draw	0x80077400	0x44
libmus/800FC864_player_voice	0x80077610	0x10
libmus/800FCBB0_player_effects	0x80077620	0x8
libmus/800FD10C_player_bank_math	0x80077628	0x70
libultra/exceptasm	0x80077880	0x44
libultra/libm_vals	0x80077930	0x10
ai_node_setup	0x80071350	0xC
shell_update	0x80076720	0x38
destroyed_object_update	0x80076260	0x28
ai_object_search_update	0x800712F0	0x30
camera_mode_update	0x80072D28	0x3C
effect_runtime_tables	0x80072BA0	0xEC
mission_actor_spawn	0x800761C0	0x38
matrix_scale_curve	0x80071F90	0x48
