# unit	data_vram	data_size
# Source units whose initialized data must be linked and spliced at retail addresses.
hud_flip_state	0x80114700	0x10
rsp_microcode_text	0x800F8DB0	0x20C0
memory_region_table	0x801144A0	0x48
graphics_task_state	0x801144F0	0xC
display_state_ptr	0x80114500	0x4
gfx_pool_state	0x80114510	0x4
angle_sine_table	0x80114870	0x410
render_state_presets	0x80114520	0x150
renderer_global_tables	0x80114670	0x90
resource_bank_table	0x80114710	0xD0
audio_scheduler_data	0x801147E0	0x20
game_state_counters	0x80114800	0x8
controller_pak_identity	0x80114808	0x58
frame_buffer_state	0x80114860	0x10
random_dispatch_tables	0x80114C80	0x1B0
effect_axis_geometry	0x80114E30	0x64
effect_event_table	0x80114E94	0x1C
effect_color_presets	0x80114EB0	0x60
effect_definition_bank	0x80114F10	0x1670
effect_runtime_tables	0x80116580	0x190
display_state_patches	0x80116710	0x110
hud_runtime_defaults	0x80116820	0x40
image_asset_descriptors	0x80116860	0x1570
frontend_runtime_defaults	0x80117DD0	0x1E4
main_menu_scene_graph	0x80118054	0x4F8
menu_help_text	0x80117FB4	0xA0
main_menu_text	0x8011854C	0x98
main_menu_layout_tail	0x801185E4	0x888
options_menu_text	0x80118E6C	0x70
options_menu_layout	0x80118EDC	0x45C
code_entry_help_text	0x80119338	0x8C
code_entry_help_layout	0x801193C4	0x868
code_entry_text	0x80119C2C	0xA4
code_entry_layout	0x80119CD0	0x720
controls_help_text	0x8011A3F0	0xF0
controls_menu_layout	0x8011A4E0	0x3F4
controller_binding_text	0x8011A8D4	0xC4
controller_binding_layout_data	0x8011A998	0x940
campaign_map_help_text	0x8011B2D8	0x40
hud_list_layout_data	0x8011B318	0xEF0
gang_selection_help_text	0x8011C208	0x4C
controller_layout_data	0x8011C254	0x1050
team_alignment_help_text	0x8011D2A4	0x40
team_alignment_layout	0x8011D2E4	0x704
team_setup_text	0x8011D9E8	0x7C
team_setup_layout	0x8011DA64	0x384
mission_result_text	0x8011DDE8	0x10
race_hud_state	0x8011DDF8	0xA4
race_hud_layout_data	0x8011DE9C	0x6DC
pause_menu_text	0x8011E578	0x1C
pause_menu_layout	0x8011E594	0x480
rumble_help_text	0x8011EA14	0x2C
rumble_menu_layout	0x8011EA40	0x150
tank_selection_text	0x8011EB90	0x24
race_widget_layout	0x8011EBB4	0x640
race_state_vars	0x8011F1F4	0x3C
controller_menu_state_data	0x8011F230	0x68
controller_required_text	0x8011FA90	0x50
title_legal_text	0x8011FC4C	0x120
pal_warning_text	0x80120000	0x50
results_text	0x8012012C	0xB4
results_layout_data	0x801201E0	0x15DC
ending_text	0x801217BC	0xA4
ending_results_layout	0x80121860	0x1A0
controller_pak_text	0x8011F298	0x3E4
controller_pak_layout	0x8011F67C	0x414
controller_required_layout	0x8011FAE0	0x16C
title_legal_layout	0x8011FD6C	0x294
pal_warning_layout	0x80120050	0xDC
cheat_code_data	0x80121A00	0x2C0
gameplay_camera_data	0x80121CC0	0x6C4
gameplay_definition_data	0x80122384	0x1ABC
campaign_mission_text	0x80123E40	0xCF0
campaign_mission_config	0x80124B30	0x990
mission_selection_data	0x801254C0	0xC0
projectile_particle_data	0x80125580	0xD8
projectile_billboard_geometry	0x80125658	0x320
effect_billboard_geometry	0x80125978	0x128
hazard_animation_data	0x80125AA0	0x190
model_motion_render_data	0x80125C30	0x270
model_variant_runtime_data	0x80125EA0	0x20
f3dex2_fifo_data	0x80125EC0	0x420
libmus/audio_runtime_data	0x801262E0	0x5B0
n_audio/800FFB30_n_drvrnew	0x80126890	0x190
n_audio/80100050_n_env	0x80126A20	0x100
libultra/al_drvrnew	0x80126B60	0x190
n_audio/80101320_n_reverb	0x80126B20	0x10
n_audio/80101D10_n_alinit	0x80126B30	0x10
libultra/os_ai_set_next_buffer	0x80126B40	0x10
libultra/os_controller	0x80126B50	0x10
libultra/al_env	0x80126CF0	0x140
libultra/os_exception_data	0x80126E30	0x20
libultra/os_initialize	0x80126E50	0x20
libultra/os_pi_manager	0x80126E70	0x30
libultra/os_pi_access	0x80126EA0	0x10
libultra/sched	0x80126EB0	0x10
libultra/os_si_access_queue	0x80126EC0	0x10
libultra/al_main	0x80126ED0	0x10
libultra/os_dequeue_thread	0x80126EE0	0x20
libultra/os_timer	0x80126F00	0x10
libultra/os_vi_init	0x80126F10	0x70
libultra/os_vi_manager	0x80126F80	0x20
libultra/vitbl	0x80126FA0	0xE10
libultra/xprintf	0x80127DB0	0x50
libultra/litob	0x80127E00	0x30
